episode,reward,length,on_time,late,conflicts,completed,total_trains,on_time_pct,avg_delay
1,-20.55,144,1,6,10,7,8,12.5,4.75
2,89.5,144,4,3,8,7,8,50.0,4.25
3,13.7,144,1,7,12,8,8,12.5,6.12
4,9.1,144,2,5,6,7,8,25.0,3.88
5,-76.8,144,1,6,6,7,8,12.5,4.38
6,-72.45,144,1,3,16,4,8,12.5,9.0
7,-83.55,144,0,5,16,5,8,0.0,8.5
8,-27.8,140,1,7,15,8,8,12.5,6.0
9,66.05,135,2,6,8,8,8,25.0,3.0
10,-127.4,144,0,4,10,4,8,0.0,4.88
11,-74.1,144,0,6,13,6,8,0.0,7.5
12,134.95,125,5,3,7,8,8,62.5,3.88
13,-11.4,144,0,6,11,6,8,0.0,6.38
14,36.0,132,0,8,10,8,8,0.0,4.88
15,-23.45,144,1,6,12,7,8,12.5,7.12
16,-29.2,144,2,5,14,7,8,25.0,7.38
17,-45.6,144,2,5,15,7,8,25.0,8.25
18,79.55,126,3,5,8,8,8,37.5,3.62
19,-90.75,144,0,5,15,5,8,0.0,7.88
20,11.9,144,1,6,9,7,8,12.5,5.62
21,-83.75,144,0,7,17,7,8,0.0,8.5
22,4.45,144,2,5,11,7,8,25.0,5.88
23,42.3,130,1,7,11,8,8,12.5,5.62
24,121.65,136,4,4,7,8,8,50.0,2.62
25,-20.6,144,1,6,9,7,8,12.5,4.62
26,-2.5,144,1,6,9,7,8,12.5,5.0
27,-5.75,143,1,7,16,8,8,12.5,7.25
28,-133.3,144,0,5,15,5,8,0.0,7.88
29,27.7,144,2,5,8,7,8,25.0,4.5
30,-86.1,144,0,5,7,5,8,0.0,3.75
31,-17.25,144,1,6,14,7,8,12.5,7.38
32,-16.0,142,1,7,12,8,8,12.5,6.0
33,24.0,141,3,5,16,8,8,37.5,7.0
34,-74.7,144,0,4,11,4,8,0.0,7.25
35,74.85,138,4,4,11,8,8,50.0,5.38
36,-41.65,144,1,4,10,5,8,12.5,5.5
37,-21.05,144,3,3,9,6,8,37.5,4.12
38,-70.25,144,0,7,13,7,8,0.0,5.88
39,-7.7,144,1,5,11,6,8,12.5,5.88
40,-15.8,144,0,6,10,6,8,0.0,5.75
41,-68.75,144,1,3,18,4,8,12.5,9.38
42,65.75,137,3,5,6,8,8,37.5,3.88
43,-32.25,144,0,7,11,7,8,0.0,5.25
44,-12.7,141,1,7,13,8,8,12.5,6.12
45,5.1,144,1,6,10,7,8,12.5,4.88
46,-100.25,144,0,6,7,6,8,0.0,3.75
47,47.05,134,1,7,11,8,8,12.5,5.0
48,-62.95,144,0,4,13,4,8,0.0,6.88
49,24.75,144,2,5,10,7,8,25.0,3.75
50,32.25,137,1,7,13,8,8,12.5,7.0
51,-38.45,144,2,3,16,5,8,25.0,8.62
52,-34.0,140,0,8,11,8,8,0.0,4.75
53,3.25,136,0,8,10,8,8,0.0,3.75
54,15.75,144,1,5,11,6,8,12.5,5.62
55,-69.75,144,1,3,11,4,8,12.5,4.12
56,-33.55,144,1,6,10,7,8,12.5,5.38
57,-108.5,144,0,5,12,5,8,0.0,6.0
58,-54.15,144,1,4,16,5,8,12.5,9.38
59,-71.45,144,1,6,14,7,8,12.5,6.25
60,92.65,134,2,6,5,8,8,25.0,3.38
61,-63.95,144,0,5,6,5,8,0.0,3.62
62,-75.45,144,0,5,13,5,8,0.0,6.25
63,-54.75,144,1,4,17,5,8,12.5,7.38
64,52.15,144,2,5,6,7,8,25.0,4.0
65,108.85,131,3,5,6,8,8,37.5,3.0
66,38.35,144,2,5,12,7,8,25.0,6.75
67,2.8,144,1,7,8,8,8,12.5,4.25
68,-76.5,144,0,6,17,6,8,0.0,8.75
69,-78.9,144,0,4,19,4,8,0.0,10.12
70,-25.0,140,1,7,10,8,8,12.5,4.75
71,-26.2,144,0,6,14,6,8,0.0,7.38
72,-2.25,144,2,5,12,7,8,25.0,4.5
73,-26.35,144,2,2,16,4,8,25.0,6.0
74,28.2,144,3,3,9,6,8,37.5,6.25
75,32.5,140,0,8,6,8,8,0.0,3.25
76,0.0,144,2,5,9,7,8,25.0,5.62
77,-11.2,144,1,6,7,7,8,12.5,4.62
78,68.3,136,2,6,13,8,8,25.0,6.88
79,-16.95,144,1,6,8,7,8,12.5,4.88
80,-56.2,144,1,5,8,6,8,12.5,4.62
81,-67.5,144,0,6,11,6,8,0.0,4.12
82,98.8,136,4,4,11,8,8,50.0,4.12
83,-79.8,144,0,7,18,7,8,0.0,7.75
84,46.5,132,2,6,10,8,8,25.0,5.0
85,111.85,144,4,3,4,7,8,50.0,3.0
86,-30.05,139,1,7,12,8,8,12.5,5.62
87,3.4,144,1,6,14,7,8,12.5,6.88
88,43.15,141,1,7,10,8,8,12.5,4.5
89,-27.05,138,0,8,15,8,8,0.0,5.62
90,18.15,133,0,8,7,8,8,0.0,3.88
91,79.15,136,3,5,10,8,8,37.5,3.75
92,55.9,144,4,3,12,7,8,50.0,4.5
93,125.45,143,3,5,8,8,8,37.5,3.0
94,85.85,141,4,4,12,8,8,50.0,6.62
95,53.55,144,3,4,6,7,8,37.5,4.25
96,125.15,130,3,5,6,8,8,37.5,3.62
97,-85.8,144,0,6,11,6,8,0.0,5.88
98,-40.05,144,2,3,15,5,8,25.0,6.38
99,-1.85,144,2,5,11,7,8,25.0,4.12
100,4.1,143,1,7,11,8,8,12.5,6.62
101,85.25,130,3,5,7,8,8,37.5,4.12
102,-69.4,144,0,6,9,6,8,0.0,5.12
103,-14.85,144,0,8,10,8,8,0.0,6.62
104,-23.95,144,1,6,12,7,8,12.5,5.38
105,-71.65,144,1,4,14,5,8,12.5,6.88
106,-43.75,144,1,6,8,7,8,12.5,5.5
107,-49.7,144,1,4,19,5,8,12.5,8.5
108,-2.1,144,1,6,12,7,8,12.5,6.5
109,5.25,144,3,3,11,6,8,37.5,5.88
110,-44.9,144,0,7,4,7,8,0.0,2.75
111,11.0,144,2,5,7,7,8,25.0,5.0
112,103.15,144,4,3,7,7,8,50.0,3.88
113,-9.4,144,2,2,12,4,8,25.0,6.12
114,18.75,131,1,7,9,8,8,12.5,4.75
115,-62.05,144,1,6,15,7,8,12.5,6.88
116,-60.05,144,0,6,9,6,8,0.0,4.38
117,-59.35,144,0,6,11,6,8,0.0,6.0
118,-29.9,144,1,6,12,7,8,12.5,7.25
119,30.15,144,2,5,8,7,8,25.0,4.5
120,22.05,144,2,5,6,7,8,25.0,4.0
121,70.0,138,2,6,9,8,8,25.0,4.75
122,-14.45,144,1,6,9,7,8,12.5,5.25
123,17.1,144,1,7,7,8,8,12.5,4.0
124,14.45,138,1,7,6,8,8,12.5,3.5
125,6.6,144,1,6,7,7,8,12.5,4.88
126,-14.15,144,2,5,12,7,8,25.0,7.25
127,-45.25,144,1,6,10,7,8,12.5,6.38
128,15.7,144,1,6,6,7,8,12.5,3.75
129,24.7,144,2,5,7,7,8,25.0,3.75
130,15.9,144,1,7,14,8,8,12.5,7.0
131,-13.35,144,1,6,10,7,8,12.5,5.38
132,76.5,137,0,8,6,8,8,0.0,4.12
133,42.65,143,0,8,8,8,8,0.0,3.0
134,-9.1,144,2,4,17,6,8,25.0,7.62
135,21.9,143,1,7,9,8,8,12.5,6.0
136,-17.45,144,2,4,23,6,8,25.0,11.0
137,158.1,144,5,3,6,8,8,62.5,3.75
138,0.6,144,0,7,1,7,8,0.0,3.5
139,-45.8,144,0,7,12,7,8,0.0,6.0
140,-28.4,136,1,7,9,8,8,12.5,4.88
141,-7.5,144,0,7,9,7,8,0.0,5.0
142,-48.1,144,1,5,15,6,8,12.5,9.12
143,-36.4,144,2,3,10,5,8,25.0,5.62
144,82.6,144,4,2,7,6,8,50.0,5.62
145,57.6,136,3,5,8,8,8,37.5,3.0
146,-84.6,144,0,6,8,6,8,0.0,6.12
147,-44.4,144,1,3,13,4,8,12.5,7.75
148,117.5,128,4,4,11,8,8,50.0,5.62
149,-49.2,144,0,6,14,6,8,0.0,8.5
150,50.1,135,2,6,8,8,8,25.0,4.75
151,-4.55,144,1,6,10,7,8,12.5,5.5
152,-92.8,144,0,5,6,5,8,0.0,3.62
153,-41.9,144,1,4,10,5,8,12.5,6.88
154,-12.65,144,2,3,17,5,8,25.0,8.12
155,99.2,138,2,6,9,8,8,25.0,5.25
156,-28.25,144,0,6,11,6,8,0.0,6.0
157,15.2,138,0,8,13,8,8,0.0,6.75
158,-52.65,144,1,6,16,7,8,12.5,7.75
159,-85.85,144,0,4,14,4,8,0.0,6.88
160,-77.45,144,0,7,12,7,8,0.0,4.5
161,-41.65,144,0,7,9,7,8,0.0,4.5
162,-34.1,144,1,6,14,7,8,12.5,7.0
163,-119.75,144,1,4,6,5,8,12.5,5.25
164,-41.05,144,1,3,11,4,8,12.5,7.0
165,-136.1,144,0,4,10,4,8,0.0,6.0
166,73.65,133,3,5,9,8,8,37.5,5.38
167,90.0,139,3,5,5,8,8,37.5,3.12
168,-29.45,144,2,4,17,6,8,25.0,8.12
169,-27.1,144,1,5,9,6,8,12.5,5.75
170,116.9,129,3,5,9,8,8,37.5,3.38
171,-22.4,144,1,5,11,6,8,12.5,5.5
172,-77.1,144,1,5,13,6,8,12.5,4.88
173,121.55,133,4,4,9,8,8,50.0,5.38
174,91.8,132,2,6,6,8,8,25.0,2.75
175,-4.3,144,1,5,11,6,8,12.5,6.5
176,22.1,142,1,7,8,8,8,12.5,4.75
177,-56.3,144,0,7,13,7,8,0.0,6.62
178,-62.35,143,0,8,15,8,8,0.0,6.75
179,2.75,139,0,8,13,8,8,0.0,6.12
180,137.85,126,3,5,5,8,8,37.5,1.88
181,-74.65,144,0,6,13,6,8,0.0,6.38
182,-18.05,144,2,5,11,7,8,25.0,5.88
183,53.9,143,2,6,9,8,8,25.0,5.5
184,17.1,142,0,8,5,8,8,0.0,3.25
185,31.8,140,2,6,13,8,8,25.0,4.88
186,141.0,138,5,3,10,8,8,62.5,3.75
187,32.2,138,1,7,12,8,8,12.5,4.5
188,82.6,144,3,5,12,8,8,37.5,6.38
189,-68.75,144,2,4,14,6,8,25.0,6.75
190,-14.6,144,1,5,13,6,8,12.5,4.88
191,32.0,141,1,7,11,8,8,12.5,5.62
192,144.0,129,4,4,5,8,8,50.0,1.88
193,30.6,144,2,5,10,7,8,25.0,4.5
194,59.8,140,2,6,8,8,8,25.0,4.5
195,12.05,142,0,8,6,8,8,0.0,4.12
196,110.15,132,3,5,8,8,8,37.5,5.0
197,50.45,144,3,4,10,7,8,37.5,5.62
198,-7.6,144,0,7,9,7,8,0.0,3.38
199,56.45,144,4,3,12,7,8,50.0,6.62
200,-68.95,144,1,5,10,6,8,12.5,5.75
201,79.55,128,2,6,8,8,8,25.0,4.25
202,-17.15,144,1,4,10,5,8,12.5,4.75
203,-59.6,144,1,6,9,7,8,12.5,5.62
204,40.9,144,3,4,7,7,8,37.5,3.5
205,-24.9,144,1,6,8,7,8,12.5,4.88
206,65.8,138,2,6,12,8,8,25.0,5.5
207,95.9,144,3,5,9,8,8,37.5,4.75
208,12.95,139,1,7,11,8,8,12.5,6.5
209,98.55,142,3,5,7,8,8,37.5,4.38
210,-62.4,144,0,6,7,6,8,0.0,5.0
211,80.2,144,4,3,10,7,8,50.0,5.38
212,8.95,144,2,5,12,7,8,25.0,6.88
213,-50.35,144,1,6,9,7,8,12.5,5.38
214,96.15,131,3,5,14,8,8,37.5,7.38
215,-65.4,144,0,5,19,5,8,0.0,8.62
216,-5.2,144,0,7,6,7,8,0.0,4.62
217,-13.15,144,2,5,14,7,8,25.0,7.88
218,38.15,144,1,7,9,8,8,12.5,4.88
219,-51.55,144,0,7,13,7,8,0.0,6.0
220,-55.25,144,0,6,13,6,8,0.0,6.12
221,110.75,132,2,6,1,8,8,25.0,0.38
222,16.45,140,1,7,13,8,8,12.5,6.38
223,-38.6,144,0,7,8,7,8,0.0,4.62
224,71.65,141,2,6,10,8,8,25.0,5.88
225,-10.0,138,1,7,12,8,8,12.5,5.75
226,87.7,128,3,5,10,8,8,37.5,5.25
227,64.4,129,3,5,9,8,8,37.5,3.38
228,-63.15,144,0,7,8,7,8,0.0,4.75
229,-18.6,144,1,5,17,6,8,12.5,9.12
230,26.7,135,1,7,5,8,8,12.5,3.88
231,84.3,135,1,7,8,8,8,12.5,4.38
232,25.2,144,2,5,10,7,8,25.0,4.62
233,-54.35,144,0,7,11,7,8,0.0,7.12
234,33.0,137,1,7,10,8,8,12.5,5.38
235,38.15,140,1,7,12,8,8,12.5,7.0
236,-7.75,144,2,5,12,7,8,25.0,6.25
237,-17.9,144,1,5,15,6,8,12.5,7.38
238,-0.5,144,1,5,8,6,8,12.5,6.25
239,-10.3,144,2,4,15,6,8,25.0,7.75
240,88.75,138,3,5,9,8,8,37.5,5.12
241,-79.65,144,1,3,12,4,8,12.5,5.62
242,-25.8,144,1,5,15,6,8,12.5,7.38
243,52.05,144,2,5,6,7,8,25.0,4.25
244,-3.0,140,1,7,15,8,8,12.5,5.62
245,41.15,136,1,7,8,8,8,12.5,4.25
246,-23.25,144,1,4,9,5,8,12.5,6.38
247,21.0,144,1,6,16,7,8,12.5,8.5
248,88.35,144,3,4,6,7,8,37.5,4.25
249,-30.3,144,1,3,8,4,8,12.5,5.62
250,94.6,138,2,6,5,8,8,25.0,2.75
251,63.5,143,1,7,10,8,8,12.5,6.12
252,-46.6,144,0,7,12,7,8,0.0,5.38
253,71.65,136,4,4,12,8,8,50.0,6.5
254,14.05,144,1,4,9,5,8,12.5,5.0
255,114.45,143,4,4,8,8,8,50.0,5.0
256,74.75,144,3,4,10,7,8,37.5,5.75
257,101.2,142,3,5,7,8,8,37.5,3.5
258,116.2,137,3,5,8,8,8,37.5,3.0
259,41.9,144,2,5,7,7,8,25.0,5.0
260,111.9,127,3,5,6,8,8,37.5,3.0
261,-101.55,144,0,4,12,4,8,0.0,6.25
262,-52.3,144,1,6,17,7,8,12.5,7.12
263,104.85,143,3,5,9,8,8,37.5,5.12
264,66.8,130,0,8,8,8,8,0.0,3.0
265,-27.7,144,0,7,11,7,8,0.0,6.0
266,-96.35,144,0,4,18,4,8,0.0,8.88
267,117.05,137,3,5,4,8,8,37.5,4.38
268,2.1,144,0,7,10,7,8,0.0,5.75
269,63.85,131,1,7,7,8,8,12.5,3.75
270,12.1,144,1,6,9,7,8,12.5,6.5
271,-47.4,144,0,7,9,7,8,0.0,4.62
272,-40.8,144,2,5,9,7,8,25.0,4.62
273,34.45,143,1,7,12,8,8,12.5,6.12
274,138.15,132,3,5,6,8,8,37.5,2.25
275,-10.85,144,2,3,16,5,8,25.0,8.5
276,62.35,140,2,6,8,8,8,25.0,4.5
277,62.5,143,3,5,14,8,8,37.5,6.38
278,-49.85,144,0,4,11,4,8,0.0,6.0
279,9.6,144,2,6,11,8,8,25.0,5.0
280,125.45,130,3,5,9,8,8,37.5,4.5
281,-3.05,144,1,5,14,6,8,12.5,5.25
282,-69.15,144,1,4,16,5,8,12.5,8.12
283,-54.9,144,1,6,8,7,8,12.5,5.38
284,-25.2,144,2,2,19,4,8,25.0,9.88
285,63.3,140,2,6,10,8,8,25.0,4.75
286,24.0,144,1,6,11,7,8,12.5,6.25
287,52.55,144,3,4,10,7,8,37.5,6.12
288,-12.35,144,1,6,13,7,8,12.5,6.25
289,-11.75,144,1,6,15,7,8,12.5,7.0
290,-31.35,144,0,6,11,6,8,0.0,6.12
291,11.15,141,1,7,8,8,8,12.5,5.25
292,-41.35,144,0,6,11,6,8,0.0,6.0
293,163.95,122,6,2,10,8,8,75.0,5.25
294,75.9,142,2,6,9,8,8,25.0,6.38
295,13.9,144,1,7,10,8,8,12.5,3.75
296,-39.0,144,0,4,11,4,8,0.0,5.62
297,-63.75,144,0,5,11,5,8,0.0,5.0
298,82.05,139,2,6,7,8,8,25.0,5.0
299,-26.6,144,1,4,15,5,8,12.5,8.0
300,-13.6,137,0,8,8,8,8,0.0,5.12
301,-38.25,144,1,6,7,7,8,12.5,4.25
302,120.8,133,3,5,8,8,8,37.5,3.0
303,-54.9,144,1,5,11,6,8,12.5,5.75
304,9.7,140,0,8,13,8,8,0.0,6.5
305,43.0,141,1,7,12,8,8,12.5,4.5
306,91.65,138,3,5,12,8,8,37.5,5.62
307,-16.2,144,1,6,11,7,8,12.5,5.88
308,-78.85,144,1,4,14,5,8,12.5,7.38
309,10.15,144,1,6,6,7,8,12.5,4.12
310,65.55,144,2,4,8,6,8,25.0,5.12
311,-11.35,144,1,6,12,7,8,12.5,6.5
312,100.6,133,2,6,6,8,8,25.0,3.12
313,63.7,142,2,6,7,8,8,25.0,5.0
314,-74.1,144,0,5,13,5,8,0.0,6.62
315,43.45,140,3,5,14,8,8,37.5,6.5
316,-66.6,144,0,5,15,5,8,0.0,7.75
317,63.35,144,2,5,10,7,8,25.0,5.62
318,-52.8,144,1,5,15,6,8,12.5,8.38
319,92.5,134,3,5,10,8,8,37.5,3.75
320,57.1,143,1,7,11,8,8,12.5,6.0
321,-12.75,144,1,6,12,7,8,12.5,6.5
322,92.45,130,2,6,9,8,8,25.0,5.0
323,102.3,129,4,4,10,8,8,50.0,4.62
324,-86.3,144,0,7,14,7,8,0.0,7.12
325,86.15,144,3,5,10,8,8,37.5,5.25
326,-18.4,144,1,5,8,6,8,12.5,4.88
327,93.15,140,3,5,12,8,8,37.5,5.25
328,139.95,142,4,4,6,8,8,50.0,3.75
329,-11.25,144,0,7,5,7,8,0.0,3.75
330,42.65,142,1,7,9,8,8,12.5,5.62
331,128.75,139,3,5,6,8,8,37.5,3.38
332,25.8,141,2,6,19,8,8,25.0,8.88
333,48.25,144,3,4,10,7,8,37.5,4.75
334,-10.6,144,1,6,11,7,8,12.5,4.88
335,-25.35,144,1,5,13,6,8,12.5,7.62
336,34.3,140,1,7,9,8,8,12.5,4.88
337,-33.65,144,0,5,13,5,8,0.0,7.5
338,106.0,138,3,5,10,8,8,37.5,4.62
339,58.2,144,2,6,6,8,8,25.0,5.12
340,-33.75,144,0,6,13,6,8,0.0,6.75
341,41.85,133,1,7,14,8,8,12.5,6.38
342,10.05,144,2,5,12,7,8,25.0,6.12
343,-21.05,144,2,5,17,7,8,25.0,7.38
344,-10.15,144,2,6,14,8,8,25.0,7.0
345,42.75,132,1,7,11,8,8,12.5,4.12
346,57.05,144,3,4,7,7,8,37.5,4.62
347,-8.45,144,1,6,8,7,8,12.5,4.38
348,-22.2,144,0,6,11,6,8,0.0,8.0
349,-29.5,144,1,5,13,6,8,12.5,6.75
350,3.05,144,1,6,9,7,8,12.5,5.38
351,161.05,124,4,4,6,8,8,50.0,2.25
352,111.45,131,3,5,5,8,8,37.5,4.0
353,30.8,141,2,6,14,8,8,25.0,6.62
354,115.35,135,3,5,6,8,8,37.5,3.5
355,2.5,144,0,7,9,7,8,0.0,4.88
356,0.5,144,2,3,14,5,8,25.0,6.0
357,53.2,142,2,6,10,8,8,25.0,6.25
358,0.35,144,1,6,8,7,8,12.5,3.88
359,-70.8,144,0,4,17,4,8,0.0,8.5
360,126.85,126,4,4,7,8,8,50.0,4.5
361,53.6,144,3,4,11,7,8,37.5,6.38
362,67.65,144,3,3,9,6,8,37.5,5.88
363,34.3,143,2,6,11,8,8,25.0,4.88
364,10.95,139,1,7,7,8,8,12.5,4.25
365,-30.0,144,1,6,14,7,8,12.5,8.0
366,-61.6,144,0,7,16,7,8,0.0,8.75
367,-36.8,144,1,4,11,5,8,12.5,6.62
368,-71.7,144,0,5,11,5,8,0.0,6.0
369,180.0,129,5,3,5,8,8,62.5,3.12
370,66.95,140,2,6,11,8,8,25.0,4.88
371,143.5,135,4,4,8,8,8,50.0,4.0
372,-14.8,144,1,6,11,7,8,12.5,6.38
373,93.2,135,2,6,6,8,8,25.0,3.25
374,-21.6,144,1,5,6,6,8,12.5,4.75
375,73.3,141,1,7,8,8,8,12.5,4.88
376,160.7,139,5,3,6,8,8,62.5,3.25
377,152.85,121,4,4,6,8,8,50.0,3.38
378,4.35,141,0,8,12,8,8,0.0,6.88
379,87.55,144,4,3,10,7,8,50.0,5.5
380,-15.55,144,1,6,10,7,8,12.5,6.5
381,-83.1,144,1,5,7,6,8,12.5,5.62
382,4.05,144,2,5,14,7,8,25.0,7.25
383,140.0,136,5,3,7,8,8,62.5,4.0
384,86.75,144,3,4,6,7,8,37.5,4.0
385,77.3,144,4,3,9,7,8,50.0,4.25
386,-88.3,144,0,7,7,7,8,0.0,5.0
387,-17.3,144,2,4,12,6,8,25.0,7.0
388,-7.75,144,2,3,12,5,8,25.0,6.25
389,-0.7,144,2,5,6,7,8,25.0,5.12
390,145.8,129,3,5,4,8,8,37.5,3.0
391,50.3,144,4,3,9,7,8,50.0,4.62
392,97.65,144,4,3,7,7,8,50.0,4.0
393,41.35,142,1,7,12,8,8,12.5,6.62
394,170.6,127,6,2,10,8,8,75.0,3.75
395,31.3,142,3,5,11,8,8,37.5,6.25
396,134.05,139,3,5,7,8,8,37.5,3.75
397,91.75,138,3,5,11,8,8,37.5,5.88
398,192.85,126,6,2,6,8,8,75.0,2.25
399,149.85,141,5,3,4,8,8,62.5,3.12
400,140.15,129,4,4,5,8,8,50.0,3.12
401,92.8,144,4,3,11,7,8,50.0,5.75
402,47.75,142,1,7,13,8,8,12.5,7.38
403,-31.6,144,1,6,15,7,8,12.5,6.88
404,-6.9,144,1,6,12,7,8,12.5,6.12
405,4.95,139,2,6,10,8,8,25.0,6.0
406,120.85,136,3,5,9,8,8,37.5,5.25
407,69.0,134,2,6,15,8,8,25.0,6.88
408,-37.6,144,2,5,14,7,8,25.0,6.88
409,-5.45,144,0,7,7,7,8,0.0,4.0
410,-39.65,144,1,4,13,5,8,12.5,5.88
411,-32.1,144,1,5,10,6,8,12.5,6.62
412,98.15,142,2,6,5,8,8,25.0,4.12
413,21.85,144,4,3,6,7,8,50.0,3.62
414,58.55,137,2,6,10,8,8,25.0,4.88
415,-21.8,144,0,6,9,6,8,0.0,4.25
416,46.05,131,1,7,13,8,8,12.5,6.12
417,76.2,142,3,5,10,8,8,37.5,6.75
418,-66.9,144,0,4,14,4,8,0.0,8.62
419,-6.5,144,1,6,10,7,8,12.5,4.62
420,6.7,144,2,5,16,7,8,25.0,7.62
421,81.45,143,3,5,5,8,8,37.5,3.75
422,-8.0,143,0,8,9,8,8,0.0,5.75
423,43.6,144,3,4,7,7,8,37.5,4.12
424,4.6,142,1,7,14,8,8,12.5,6.62
425,74.05,135,2,6,12,8,8,25.0,4.5
426,-39.95,144,0,7,14,7,8,0.0,6.0
427,47.75,142,0,8,7,8,8,0.0,3.62
428,91.3,138,3,5,12,8,8,37.5,4.5
429,19.15,144,2,4,10,6,8,25.0,5.75
430,80.1,144,4,3,8,7,8,50.0,4.38
431,109.2,132,3,5,6,8,8,37.5,3.88
432,16.65,144,3,4,11,7,8,37.5,5.75
433,-60.1,144,0,6,13,6,8,0.0,8.0
434,-65.05,144,0,6,19,6,8,0.0,7.75
435,27.4,143,0,8,11,8,8,0.0,5.5
436,-43.35,144,2,4,12,6,8,25.0,7.25
437,50.85,144,2,5,9,7,8,25.0,6.12
438,73.5,141,3,5,12,8,8,37.5,6.12
439,-4.45,144,1,5,18,6,8,12.5,9.0
440,127.5,136,4,4,9,8,8,50.0,4.0
441,65.85,144,3,4,7,7,8,37.5,5.0
442,24.45,144,2,3,10,5,8,25.0,6.38
443,78.7,138,2,6,10,8,8,25.0,5.38
444,50.95,142,0,8,9,8,8,0.0,4.62
445,70.1,140,2,6,7,8,8,25.0,4.5
446,63.4,141,2,6,14,8,8,25.0,7.62
447,-11.8,144,2,5,6,7,8,25.0,4.0
448,57.6,144,2,4,8,6,8,25.0,5.88
449,62.05,140,2,6,6,8,8,25.0,2.25
450,-44.9,144,1,6,15,7,8,12.5,7.5
451,109.8,135,2,6,8,8,8,25.0,4.25
452,62.15,144,3,3,7,6,8,37.5,4.12
453,-6.9,144,2,4,13,6,8,25.0,6.75
454,-3.9,144,2,4,14,6,8,25.0,5.88
455,156.5,136,4,4,6,8,8,50.0,2.88
456,0.65,144,1,6,12,7,8,12.5,6.38
457,117.95,143,4,4,12,8,8,50.0,5.62
458,96.0,144,4,3,7,7,8,50.0,4.5
459,98.65,135,3,5,9,8,8,37.5,5.12
460,-17.6,144,1,6,20,7,8,12.5,9.38
461,92.8,131,3,5,13,8,8,37.5,4.88
462,100.45,140,2,6,5,8,8,25.0,3.88
463,75.9,140,2,6,8,8,8,25.0,4.88
464,2.3,144,2,5,17,7,8,25.0,8.62
465,48.6,139,2,6,14,8,8,25.0,6.0
466,58.95,139,2,6,10,8,8,25.0,3.75
467,55.45,136,2,6,13,8,8,25.0,6.12
468,37.3,144,1,6,8,7,8,12.5,5.25
469,92.6,144,5,2,11,7,8,62.5,5.12
470,-51.95,144,1,5,20,6,8,12.5,9.0
471,9.85,144,1,6,11,7,8,12.5,6.12
472,-45.5,144,1,6,17,7,8,12.5,9.62
473,-22.85,144,1,4,16,5,8,12.5,8.0
474,35.4,136,2,6,16,8,8,25.0,7.5
475,163.05,123,5,3,5,8,8,62.5,3.38
476,35.25,136,1,7,11,8,8,12.5,4.38
477,157.35,144,7,0,8,7,8,87.5,3.0
478,9.05,144,2,5,13,7,8,25.0,7.0
479,98.35,136,2,6,9,8,8,25.0,5.12
480,43.2,144,2,5,14,7,8,25.0,6.62
481,-11.95,144,1,6,10,7,8,12.5,6.25
482,63.9,143,2,6,8,8,8,25.0,4.75
483,162.7,124,5,3,8,8,8,62.5,3.0
484,-24.2,144,2,4,12,6,8,25.0,7.12
485,-6.2,144,1,6,11,7,8,12.5,7.38
486,111.75,143,4,4,10,8,8,50.0,5.5
487,177.2,127,6,2,8,8,8,75.0,3.88
488,1.7,144,2,5,15,7,8,25.0,6.88
489,4.4,144,3,4,18,7,8,37.5,7.75
490,136.45,135,5,3,8,8,8,62.5,5.0
491,69.9,139,2,6,11,8,8,25.0,5.62
492,10.75,144,2,4,11,6,8,25.0,6.12
493,-47.35,144,1,6,16,7,8,12.5,8.38
494,82.7,144,4,3,11,7,8,50.0,4.88
495,159.15,136,5,3,10,8,8,62.5,4.88
496,13.15,144,2,5,11,7,8,25.0,6.0
497,-4.0,144,2,5,15,7,8,25.0,8.12
498,61.4,143,2,6,12,8,8,25.0,6.5
499,171.2,128,6,2,12,8,8,75.0,4.75
500,48.35,144,3,4,10,7,8,37.5,6.25
501,72.0,144,3,4,12,7,8,37.5,5.5
502,81.8,139,2,6,10,8,8,25.0,4.75
503,-14.05,141,1,7,19,8,8,12.5,8.38
504,176.5,120,5,3,6,8,8,62.5,2.25
505,148.25,129,5,3,8,8,8,62.5,4.62
506,88.6,135,4,4,10,8,8,50.0,5.62
507,108.95,144,4,3,6,7,8,50.0,4.0
508,125.85,144,4,4,8,8,8,50.0,5.75
509,114.8,142,4,4,7,8,8,50.0,3.88
510,24.55,144,3,4,13,7,8,37.5,5.88
511,78.75,144,4,3,10,7,8,50.0,5.5
512,12.2,144,2,5,13,7,8,25.0,5.75
513,60.55,144,2,5,7,7,8,25.0,4.62
514,157.25,143,5,3,8,8,8,62.5,4.0
515,67.25,136,2,6,7,8,8,25.0,3.62
516,90.6,134,2,6,6,8,8,25.0,4.25
517,101.35,129,3,5,9,8,8,37.5,4.5
518,-52.75,144,0,4,16,4,8,0.0,9.0
519,102.85,141,3,5,12,8,8,37.5,6.0
520,137.1,143,4,4,7,8,8,50.0,3.12
521,127.65,136,4,4,11,8,8,50.0,4.12
522,-6.05,144,2,5,10,7,8,25.0,5.25
523,112.85,137,3,5,6,8,8,37.5,4.12
524,138.0,127,5,3,9,8,8,62.5,5.12
525,-64.7,144,1,5,14,6,8,12.5,8.62
526,55.85,141,2,6,12,8,8,25.0,6.25
527,53.4,141,2,6,15,8,8,25.0,6.62
528,89.2,133,2,6,9,8,8,25.0,4.62
529,-8.4,144,2,5,15,7,8,25.0,7.75
530,80.5,137,1,7,10,8,8,12.5,4.75
531,39.9,141,1,7,8,8,8,12.5,6.5
532,125.75,136,4,4,13,8,8,50.0,6.75
533,91.3,142,2,6,9,8,8,25.0,4.25
534,77.65,144,4,3,13,7,8,50.0,7.0
535,52.55,128,1,7,9,8,8,12.5,6.0
536,22.65,141,1,7,8,8,8,12.5,4.12
537,137.3,144,6,1,8,7,8,75.0,4.0
538,123.45,126,4,4,11,8,8,50.0,5.0
539,161.1,133,6,2,5,8,8,75.0,3.38
540,141.4,135,4,4,8,8,8,50.0,3.0
541,159.5,122,5,3,7,8,8,62.5,2.62
542,96.2,140,3,5,10,8,8,37.5,5.5
543,53.7,144,3,4,14,7,8,37.5,6.25
544,175.65,140,5,3,6,8,8,62.5,3.88
545,-27.35,144,2,4,14,6,8,25.0,7.0
546,-53.45,144,0,7,13,7,8,0.0,7.62
547,107.8,144,5,2,11,7,8,62.5,5.62
548,143.0,144,5,3,9,8,8,62.5,4.62
549,77.45,144,3,4,8,7,8,37.5,5.25
550,93.7,143,3,5,12,8,8,37.5,6.75
551,59.5,138,2,6,15,8,8,25.0,7.25
552,94.75,144,4,3,9,7,8,50.0,4.5
553,96.55,138,2,6,7,8,8,25.0,3.62
554,132.05,137,4,4,8,8,8,50.0,4.25
555,93.25,142,2,6,10,8,8,25.0,5.38
556,87.85,143,3,5,13,8,8,37.5,6.5
557,122.75,135,4,4,8,8,8,50.0,5.12
558,128.15,137,3,5,8,8,8,37.5,6.0
559,-25.55,144,0,7,13,7,8,0.0,7.38
560,81.2,139,2,6,9,8,8,25.0,3.75
561,61.4,144,3,5,13,8,8,37.5,6.0
562,33.8,142,0,8,10,8,8,0.0,6.38
563,134.65,144,5,2,7,7,8,62.5,3.88
564,56.3,144,3,4,12,7,8,37.5,6.75
565,182.9,134,6,2,6,8,8,75.0,3.38
566,101.3,138,2,6,5,8,8,25.0,4.5
567,149.4,132,4,4,6,8,8,50.0,4.38
568,-14.15,144,2,4,10,6,8,25.0,6.38
569,157.95,125,5,3,10,8,8,62.5,4.38
570,-5.35,144,3,2,11,5,8,37.5,6.38
571,79.65,133,3,5,13,8,8,37.5,7.12
572,45.35,144,2,5,3,7,8,25.0,3.25
573,93.4,144,4,3,8,7,8,50.0,4.75
574,109.2,136,3,5,10,8,8,37.5,5.25
575,76.3,142,2,6,11,8,8,25.0,5.38
576,107.4,141,3,5,8,8,8,37.5,4.62
577,185.5,140,6,2,6,8,8,75.0,3.5
578,66.9,135,1,7,12,8,8,12.5,6.75
579,69.75,144,4,3,9,7,8,50.0,4.88
580,145.65,134,4,4,10,8,8,50.0,3.75
581,127.5,142,4,4,10,8,8,50.0,4.88
582,133.9,144,5,2,4,7,8,62.5,3.62
583,32.25,144,2,5,13,7,8,25.0,6.38
584,103.85,141,2,6,8,8,8,25.0,4.0
585,69.3,144,3,4,9,7,8,37.5,6.5
586,132.75,128,4,4,5,8,8,50.0,3.12
587,84.0,130,2,6,10,8,8,25.0,5.5
588,-15.2,144,2,4,15,6,8,25.0,6.38
589,7.35,142,1,7,17,8,8,12.5,7.38
590,118.5,143,3,5,10,8,8,37.5,3.75
591,129.4,142,5,3,9,8,8,62.5,5.12
592,73.9,144,4,3,11,7,8,50.0,6.12
593,32.45,144,1,6,9,7,8,12.5,6.0
594,97.3,140,2,6,9,8,8,25.0,5.0
595,129.05,135,3,5,8,8,8,37.5,4.12
596,63.0,140,1,7,7,8,8,12.5,3.88
597,131.9,133,4,4,5,8,8,50.0,3.0
598,132.7,129,4,4,10,8,8,50.0,4.88
599,66.6,144,3,4,10,7,8,37.5,4.62
600,200.3,129,7,1,9,8,8,87.5,3.38
601,-42.0,144,1,4,12,5,8,12.5,6.5
602,95.05,138,3,5,12,8,8,37.5,6.62
603,33.9,144,2,5,11,7,8,25.0,6.75
604,153.85,143,5,3,9,8,8,62.5,4.0
605,98.55,140,2,6,7,8,8,25.0,4.12
606,172.15,129,5,3,10,8,8,62.5,3.75
607,97.5,124,2,6,9,8,8,25.0,5.0
608,102.25,142,3,5,13,8,8,37.5,6.38
609,38.05,144,2,6,10,8,8,25.0,7.12
610,159.7,124,5,3,6,8,8,62.5,3.25
611,187.15,120,5,3,5,8,8,62.5,3.38
612,118.45,133,3,5,9,8,8,37.5,4.75
613,68.35,134,2,6,9,8,8,25.0,4.75
614,164.65,140,5,3,6,8,8,62.5,3.25
615,71.25,144,3,4,7,7,8,37.5,4.38
616,143.95,137,4,4,9,8,8,50.0,4.12
617,63.95,138,2,6,13,8,8,25.0,7.12
618,-30.1,144,1,5,9,6,8,12.5,4.62
619,114.3,132,2,6,5,8,8,25.0,4.25
620,23.7,144,1,6,12,7,8,12.5,7.5
621,62.7,137,2,6,17,8,8,25.0,7.38
622,-45.0,144,0,7,11,7,8,0.0,6.25
623,108.5,138,3,5,10,8,8,37.5,3.75
624,-15.95,144,1,6,12,7,8,12.5,7.38
625,142.95,138,4,4,8,8,8,50.0,4.0
626,38.45,144,2,5,7,7,8,25.0,4.88
627,2.15,144,1,6,10,7,8,12.5,5.75
628,90.3,134,3,5,9,8,8,37.5,5.38
629,3.0,144,1,5,10,6,8,12.5,5.62
630,135.2,132,5,3,8,8,8,62.5,4.62
631,172.1,128,5,3,9,8,8,62.5,4.38
632,148.3,139,5,3,9,8,8,62.5,3.38
633,129.9,140,3,5,5,8,8,37.5,3.12
634,102.9,144,4,3,8,7,8,50.0,4.5
635,160.65,128,5,3,8,8,8,62.5,4.12
636,90.3,144,3,4,9,7,8,37.5,5.0
637,17.95,141,1,7,17,8,8,12.5,7.12
638,118.7,144,5,2,10,7,8,62.5,5.0
639,94.9,144,4,3,13,7,8,50.0,7.0
640,110.35,143,3,5,5,8,8,37.5,3.88
641,86.9,144,4,3,9,7,8,50.0,4.75
642,5.3,142,2,6,22,8,8,25.0,10.0
643,142.95,137,4,4,8,8,8,50.0,3.0
644,113.65,140,3,5,11,8,8,37.5,4.88
645,92.5,144,4,2,8,6,8,50.0,5.5
646,157.9,129,5,3,8,8,8,62.5,3.0
647,144.35,136,5,3,11,8,8,62.5,5.62
648,86.65,136,2,6,9,8,8,25.0,5.12
649,-38.75,144,1,5,10,6,8,12.5,6.62
650,102.35,131,2,6,8,8,8,25.0,3.88
651,137.05,134,4,4,7,8,8,50.0,4.25
652,28.95,144,1,6,7,7,8,12.5,5.12
653,103.45,139,4,4,11,8,8,50.0,5.5
654,84.4,140,3,5,12,8,8,37.5,6.5
655,128.25,131,4,4,8,8,8,50.0,4.75
656,13.7,144,3,4,16,7,8,37.5,7.25
657,93.1,144,3,4,6,7,8,37.5,4.62
658,139.0,128,4,4,6,8,8,50.0,3.5
659,108.9,138,3,5,9,8,8,37.5,5.0
660,50.25,144,3,4,14,7,8,37.5,6.62
661,79.65,135,3,5,14,8,8,37.5,6.5
662,170.5,130,6,2,9,8,8,75.0,3.38
663,149.8,133,5,3,10,8,8,62.5,4.75
664,172.0,126,5,3,9,8,8,62.5,3.38
665,79.55,138,2,6,9,8,8,25.0,5.25
666,65.75,144,3,4,8,7,8,37.5,5.75
667,78.4,137,1,7,8,8,8,12.5,4.5
668,121.65,134,4,4,9,8,8,50.0,5.12
669,146.8,138,5,3,6,8,8,62.5,3.62
670,128.45,144,4,4,10,8,8,50.0,5.62
671,19.55,142,1,7,13,8,8,12.5,6.25
672,54.5,140,2,6,13,8,8,25.0,6.12
673,97.15,131,3,5,11,8,8,37.5,6.38
674,-4.95,144,1,7,9,8,8,12.5,6.12
675,110.95,144,3,5,5,8,8,37.5,4.5
676,-19.5,144,2,4,17,6,8,25.0,7.88
677,122.85,137,4,4,11,8,8,50.0,5.25
678,127.75,139,3,5,9,8,8,37.5,5.12
679,105.0,143,3,5,9,8,8,37.5,5.0
680,122.1,131,3,5,8,8,8,37.5,4.88
681,114.15,140,1,7,5,8,8,12.5,3.12
682,81.15,144,3,4,11,7,8,37.5,6.75
683,-27.35,144,2,3,15,5,8,25.0,8.0
684,120.85,144,5,2,9,7,8,62.5,4.88
685,-11.6,144,1,6,8,7,8,12.5,6.12
686,55.85,136,2,6,13,8,8,25.0,6.38
687,78.85,144,3,4,7,7,8,37.5,4.12
688,68.55,144,3,4,15,7,8,37.5,7.25
689,75.75,138,1,7,10,8,8,12.5,7.25
690,98.3,139,3,5,11,8,8,37.5,6.0
691,75.1,144,3,3,11,6,8,37.5,7.12
692,80.35,144,4,2,9,6,8,50.0,6.5
693,-10.85,140,0,8,14,8,8,0.0,8.12
694,112.05,142,3,5,10,8,8,37.5,5.25
695,93.0,144,3,4,8,7,8,37.5,6.25
696,68.5,144,1,7,8,8,8,12.5,4.75
697,83.65,137,1,7,10,8,8,12.5,5.5
698,99.35,139,2,6,7,8,8,25.0,4.0
699,83.25,136,0,8,6,8,8,0.0,5.38
700,127.45,139,3,5,9,8,8,37.5,5.12
701,113.55,132,3,5,12,8,8,37.5,4.5
702,115.7,138,4,4,10,8,8,50.0,5.62
703,106.05,144,4,3,5,7,8,50.0,3.75
704,134.45,140,4,4,8,8,8,50.0,3.0
705,93.25,144,4,3,9,7,8,50.0,5.25
706,14.65,144,1,6,11,7,8,12.5,5.88
707,197.15,128,6,2,5,8,8,75.0,3.5
708,152.85,131,4,4,6,8,8,50.0,2.25
709,134.95,144,4,4,11,8,8,50.0,5.25
710,71.5,144,4,3,8,7,8,50.0,4.75
711,77.75,144,3,4,8,7,8,37.5,6.0
712,171.3,136,5,3,5,8,8,62.5,1.88
713,75.05,144,3,4,9,7,8,37.5,6.25
714,52.4,142,2,6,9,8,8,25.0,5.62
715,120.0,140,4,4,10,8,8,50.0,5.75
716,84.3,133,2,6,9,8,8,25.0,4.62
717,116.85,143,4,4,9,8,8,50.0,5.12
718,34.25,144,1,6,7,7,8,12.5,5.0
719,146.1,132,5,3,9,8,8,62.5,4.75
720,138.8,125,4,4,5,8,8,50.0,3.88
721,175.55,134,5,3,8,8,8,62.5,3.5
722,65.95,144,3,4,7,7,8,37.5,5.0
723,9.9,144,1,5,14,6,8,12.5,7.0
724,166.1,141,5,3,7,8,8,62.5,4.38
725,120.35,144,4,4,5,8,8,50.0,3.0
726,135.1,132,4,4,9,8,8,50.0,4.62
727,32.6,144,1,6,8,7,8,12.5,4.5
728,139.9,127,4,4,8,8,8,50.0,4.75
729,148.0,134,4,4,4,8,8,50.0,3.62
730,160.9,127,6,2,12,8,8,75.0,5.88
731,104.3,130,2,6,9,8,8,25.0,5.25
732,130.25,142,4,4,8,8,8,50.0,3.0
733,46.75,140,0,8,11,8,8,0.0,5.62
734,165.8,137,5,3,10,8,8,62.5,5.25
735,31.9,142,1,7,13,8,8,12.5,5.62
736,23.7,143,1,7,11,8,8,12.5,5.62
737,33.25,144,1,6,10,7,8,12.5,5.62
738,57.0,144,4,2,6,6,8,50.0,4.25
739,105.3,144,3,5,10,8,8,37.5,5.62
740,37.1,140,1,7,12,8,8,12.5,6.62
741,47.1,144,2,5,11,7,8,25.0,6.12
742,136.7,138,4,4,8,8,8,50.0,4.25
743,179.9,136,7,1,8,8,8,87.5,4.0
744,-46.95,141,0,8,11,8,8,0.0,6.38
745,184.45,129,5,3,6,8,8,62.5,3.12
746,93.65,144,3,4,9,7,8,37.5,5.25
747,169.25,128,6,2,11,8,8,75.0,5.12
748,126.1,144,5,2,8,7,8,62.5,4.38
749,34.15,136,2,6,10,8,8,25.0,6.12
750,130.95,127,4,4,12,8,8,50.0,6.25
751,117.35,129,3,5,11,8,8,37.5,6.5
752,127.8,141,4,4,11,8,8,50.0,5.75
753,52.15,135,1,7,13,8,8,12.5,7.25
754,74.75,138,2,6,6,8,8,25.0,4.25
755,164.7,122,4,4,6,8,8,50.0,2.25
756,173.2,135,4,4,5,8,8,50.0,1.88
757,123.35,136,3,5,5,8,8,37.5,4.0
758,43.45,143,3,5,13,8,8,37.5,6.38
759,25.9,144,1,5,11,6,8,12.5,6.5
760,51.9,144,2,5,8,7,8,25.0,5.62
761,165.85,139,5,3,6,8,8,62.5,3.75
762,186.1,126,6,2,6,8,8,75.0,3.38
763,193.7,122,7,1,10,8,8,87.5,3.75
764,-1.0,140,2,6,15,8,8,25.0,6.88
765,121.15,133,3,5,6,8,8,37.5,3.75
766,34.55,144,3,4,12,7,8,37.5,6.12
767,56.2,142,1,7,9,8,8,12.5,5.5
768,87.65,137,2,6,9,8,8,25.0,4.62
769,108.1,131,2,6,7,8,8,25.0,4.12
770,165.25,142,5,3,8,8,8,62.5,4.75
771,77.35,135,2,6,13,8,8,25.0,7.62
772,49.95,144,2,5,11,7,8,25.0,6.12
773,121.75,133,4,4,5,8,8,50.0,3.25
774,68.8,134,3,5,14,8,8,37.5,5.25
775,161.5,135,4,4,7,8,8,50.0,3.5
776,139.6,125,3,5,7,8,8,37.5,5.62
777,141.35,144,3,5,7,8,8,37.5,4.25
778,38.5,144,2,4,13,6,8,25.0,7.38
779,111.55,135,4,4,12,8,8,50.0,6.25
780,68.65,134,3,5,12,8,8,37.5,6.25
781,73.85,144,3,4,6,7,8,37.5,5.5
782,142.8,123,4,4,9,8,8,50.0,3.38
783,-17.15,144,2,5,17,7,8,25.0,8.5
784,50.45,144,2,6,12,8,8,25.0,6.25
785,131.45,125,4,4,8,8,8,50.0,4.12
786,89.7,144,5,2,11,7,8,62.5,5.88
787,170.9,131,5,3,6,8,8,62.5,2.25
788,85.85,144,4,3,11,7,8,50.0,6.12
789,147.45,119,4,4,5,8,8,50.0,3.12
790,45.65,144,2,5,11,7,8,25.0,7.12
791,161.6,136,6,2,9,8,8,75.0,3.38
792,93.0,130,3,5,11,8,8,37.5,6.62
793,163.45,144,7,0,10,7,8,87.5,5.75
794,11.3,144,2,5,14,7,8,25.0,7.88
795,203.45,118,7,1,5,8,8,87.5,2.75
796,105.15,142,1,7,9,8,8,12.5,5.75
797,129.5,134,3,5,9,8,8,37.5,4.25
798,181.45,117,6,2,8,8,8,75.0,5.0
799,95.7,138,3,5,8,8,8,37.5,4.62
800,139.65,135,3,5,6,8,8,37.5,4.25
801,94.6,144,4,2,12,6,8,50.0,6.5
802,149.0,141,5,3,13,8,8,62.5,5.75
803,23.5,144,2,4,12,6,8,25.0,6.88
804,212.65,128,7,1,5,8,8,87.5,2.62
805,158.95,133,5,3,9,8,8,62.5,3.38
806,-28.4,144,2,3,15,5,8,25.0,7.38
807,98.3,137,3,5,12,8,8,37.5,5.25
808,110.85,144,4,3,8,7,8,50.0,4.75
809,97.75,144,3,4,7,7,8,37.5,4.5
810,-7.65,141,0,8,15,8,8,0.0,7.75
811,156.05,126,4,4,5,8,8,50.0,4.75
812,52.1,144,3,4,12,7,8,37.5,6.5
813,154.15,122,5,3,8,8,8,62.5,4.12
814,98.35,140,3,5,4,8,8,37.5,4.62
815,141.3,128,5,3,11,8,8,62.5,5.38
816,99.75,131,1,7,7,8,8,12.5,2.62
817,84.4,144,2,6,11,8,8,25.0,5.38
818,149.4,138,5,3,10,8,8,62.5,5.38
819,170.25,141,5,3,7,8,8,62.5,5.12
820,130.15,134,2,6,6,8,8,25.0,3.75
821,142.7,131,4,4,10,8,8,50.0,4.88
822,146.05,129,5,3,6,8,8,62.5,4.12
823,169.8,144,6,1,4,7,8,75.0,2.38
824,115.25,130,3,5,6,8,8,37.5,3.38
825,-22.3,144,2,4,12,6,8,25.0,6.62
826,73.95,144,2,6,11,8,8,25.0,6.5
827,26.7,144,1,5,8,6,8,12.5,5.75
828,148.15,126,5,3,10,8,8,62.5,4.75
829,97.8,144,5,2,13,7,8,62.5,7.0
830,103.5,144,4,3,8,7,8,50.0,5.38
831,152.9,122,4,4,10,8,8,50.0,5.12
832,126.45,138,4,4,12,8,8,50.0,5.88
833,177.7,128,5,3,7,8,8,62.5,4.62
834,107.9,139,2,6,7,8,8,25.0,4.88
835,95.35,144,4,3,8,7,8,50.0,4.88
836,160.7,132,5,3,9,8,8,62.5,4.88
837,73.15,144,3,4,9,7,8,37.5,6.38
838,120.45,144,5,2,8,7,8,62.5,4.5
839,89.85,144,4,3,9,7,8,50.0,4.25
840,69.45,144,3,3,7,6,8,37.5,5.0
841,43.75,144,2,5,9,7,8,25.0,5.75
842,156.7,142,5,3,9,8,8,62.5,5.5
843,108.85,142,4,4,9,8,8,50.0,5.0
844,114.5,139,3,5,8,8,8,37.5,4.62
845,-35.65,144,2,3,20,5,8,25.0,9.12
846,101.25,138,4,4,12,8,8,50.0,5.62
847,119.1,144,4,4,8,8,8,50.0,4.75
848,120.35,131,3,5,12,8,8,37.5,4.5
849,129.75,136,3,5,7,8,8,37.5,2.62
850,95.65,136,2,6,7,8,8,25.0,4.75
851,175.35,141,5,3,6,8,8,62.5,4.12
852,131.0,138,4,4,9,8,8,50.0,5.5
853,100.4,132,2,6,6,8,8,25.0,4.25
854,98.5,144,2,6,11,8,8,25.0,5.0
855,148.9,121,4,4,8,8,8,50.0,3.0
856,133.65,133,4,4,8,8,8,50.0,5.38
857,69.45,138,2,6,10,8,8,25.0,5.5
858,167.45,134,5,3,8,8,8,62.5,4.25
859,-42.0,144,1,6,14,7,8,12.5,7.38
860,109.05,144,4,3,11,7,8,50.0,6.0
861,-4.0,144,1,7,16,8,8,12.5,8.75
862,118.15,134,3,5,11,8,8,37.5,6.0
863,103.6,144,5,2,7,7,8,62.5,4.62
864,109.5,135,1,7,6,8,8,12.5,3.88
865,157.2,127,5,3,6,8,8,62.5,3.12
866,41.5,144,2,5,11,7,8,25.0,6.0
867,86.6,134,1,7,9,8,8,12.5,4.88
868,152.2,132,4,4,8,8,8,50.0,4.88
869,128.35,132,2,6,6,8,8,25.0,3.0
870,154.6,144,6,1,9,7,8,75.0,4.88
871,77.35,144,3,4,7,7,8,37.5,4.5
872,91.45,144,4,3,10,7,8,50.0,6.0
873,144.4,137,4,4,9,8,8,50.0,4.5
874,98.65,136,3,5,8,8,8,37.5,4.75
875,95.45,144,3,4,6,7,8,37.5,3.25
876,103.65,137,3,5,11,8,8,37.5,4.88
877,33.8,144,2,6,14,8,8,25.0,8.0
878,132.25,134,3,5,6,8,8,37.5,3.75
879,-8.5,144,2,4,18,6,8,25.0,9.38
880,119.05,133,2,6,4,8,8,25.0,1.5
881,114.65,142,3,5,11,8,8,37.5,5.0
882,55.65,144,2,5,9,7,8,25.0,6.25
883,125.55,144,4,4,9,8,8,50.0,5.25
884,132.25,134,3,5,6,8,8,37.5,3.38
885,58.4,139,1,7,9,8,8,12.5,5.0
886,138.4,133,4,4,8,8,8,50.0,3.0
887,173.95,144,5,3,6,8,8,62.5,3.25
888,123.45,144,5,2,4,7,8,62.5,3.25
889,120.15,144,5,2,6,7,8,62.5,4.25
890,118.05,130,4,4,6,8,8,50.0,3.62
891,-30.45,144,1,6,21,7,8,12.5,11.75
892,67.5,134,1,7,6,8,8,12.5,4.12
893,140.75,143,4,4,5,8,8,50.0,3.88
894,88.6,138,2,6,8,8,8,25.0,5.12
895,63.75,144,3,4,11,7,8,37.5,5.5
896,105.7,144,4,3,11,7,8,50.0,5.38
897,-6.6,144,2,4,16,6,8,25.0,7.5
898,175.15,130,5,3,6,8,8,62.5,3.0
899,111.85,144,5,2,8,7,8,62.5,5.5
900,165.05,144,5,3,7,8,8,62.5,3.5
901,22.25,144,1,6,12,7,8,12.5,6.62
902,121.4,125,3,5,6,8,8,37.5,4.12
903,87.6,135,0,8,4,8,8,0.0,3.75
904,102.9,141,3,5,7,8,8,37.5,5.12
905,163.15,140,5,3,11,8,8,62.5,4.88
906,169.0,134,5,3,6,8,8,62.5,3.88
907,52.25,144,2,5,7,7,8,25.0,5.38
908,108.55,134,4,4,5,8,8,50.0,4.62
909,98.65,142,3,5,12,8,8,37.5,7.0
910,144.6,144,6,1,8,7,8,75.0,4.88
911,126.6,139,4,4,7,8,8,50.0,3.88
912,93.45,144,4,4,12,8,8,50.0,5.25
913,130.15,138,4,4,11,8,8,50.0,5.12
914,96.05,144,4,3,10,7,8,50.0,6.0
915,165.65,137,5,3,7,8,8,62.5,3.62
916,66.85,144,3,4,12,7,8,37.5,7.0
917,160.1,137,4,4,6,8,8,50.0,4.12
918,117.5,144,4,3,5,7,8,50.0,2.88
919,179.7,121,5,3,7,8,8,62.5,3.75
920,149.35,125,4,4,7,8,8,50.0,5.0
921,81.0,144,4,3,6,7,8,50.0,4.0
922,65.8,144,2,5,9,7,8,25.0,6.12
923,50.5,139,2,6,10,8,8,25.0,6.75
924,94.5,144,4,3,8,7,8,50.0,5.0
925,88.35,144,3,3,6,6,8,37.5,3.62
926,-2.75,144,1,6,16,7,8,12.5,7.75
927,132.25,142,3,5,8,8,8,37.5,3.88
928,86.6,144,3,3,9,6,8,37.5,5.75
929,32.3,144,1,6,6,7,8,12.5,4.75
930,-12.9,144,1,5,14,6,8,12.5,5.25
931,153.95,144,6,1,8,7,8,75.0,4.75
932,168.7,133,5,3,9,8,8,62.5,3.38
933,183.55,138,6,2,8,8,8,75.0,5.88
934,137.95,141,4,4,7,8,8,50.0,4.12
935,161.0,132,5,3,8,8,8,62.5,4.25
936,92.3,143,3,5,9,8,8,37.5,4.75
937,25.25,144,2,5,14,7,8,25.0,7.38
938,51.4,144,3,4,12,7,8,37.5,6.62
939,92.9,131,2,6,8,8,8,25.0,4.12
940,117.55,130,3,5,12,8,8,37.5,6.25
941,53.1,140,1,7,15,8,8,12.5,7.25
942,126.6,143,3,5,8,8,8,37.5,4.25
943,148.75,141,4,4,4,8,8,50.0,3.12
944,92.35,144,4,3,10,7,8,50.0,6.25
945,-86.75,144,1,6,14,7,8,12.5,6.5
946,140.15,137,3,5,2,8,8,37.5,2.38
947,89.75,143,2,6,8,8,8,25.0,5.25
948,139.2,140,4,4,9,8,8,50.0,5.25
949,164.45,135,5,3,7,8,8,62.5,3.88
950,-14.25,144,2,3,21,5,8,25.0,9.5
951,179.95,132,5,3,5,8,8,62.5,3.25
952,160.1,138,4,4,4,8,8,50.0,2.5
953,17.2,144,2,5,14,7,8,25.0,8.12
954,80.95,140,2,6,10,8,8,25.0,6.0
955,141.6,140,4,4,9,8,8,50.0,5.0
956,122.8,127,4,4,6,8,8,50.0,2.25
957,182.9,125,5,3,6,8,8,62.5,2.25
958,189.75,122,6,2,7,8,8,75.0,3.75
959,118.65,136,4,4,11,8,8,50.0,5.0
960,8.7,144,2,5,11,7,8,25.0,5.38
961,123.05,141,3,5,10,8,8,37.5,6.75
962,-84.0,144,1,4,12,5,8,12.5,7.88
963,115.2,134,2,6,5,8,8,25.0,2.75
964,231.8,116,8,0,7,8,8,100.0,2.62
965,-1.85,144,2,5,16,7,8,25.0,7.62
966,152.1,144,4,4,3,8,8,50.0,3.0
967,134.3,133,4,4,8,8,8,50.0,5.38
968,27.35,144,1,6,9,7,8,12.5,4.88
969,38.05,143,2,6,15,8,8,25.0,7.0
970,147.8,138,5,3,12,8,8,62.5,5.25
971,121.45,133,3,5,11,8,8,37.5,5.12
972,106.75,144,4,3,10,7,8,50.0,5.75
973,108.0,134,3,5,11,8,8,37.5,5.5
974,183.6,128,5,3,4,8,8,62.5,1.5
975,153.9,123,4,4,5,8,8,50.0,3.5
976,78.25,141,3,5,10,8,8,37.5,5.38
977,30.0,140,1,7,13,8,8,12.5,8.0
978,162.65,132,5,3,8,8,8,62.5,3.62
979,101.85,133,4,4,17,8,8,50.0,7.75
980,115.85,139,2,6,6,8,8,25.0,5.25
981,68.4,144,4,1,6,5,8,50.0,5.0
982,83.7,133,2,6,10,8,8,25.0,3.75
983,86.15,144,3,4,9,7,8,37.5,5.0
984,139.6,136,4,4,9,8,8,50.0,5.62
985,191.75,134,6,2,5,8,8,75.0,2.5
986,58.7,137,1,7,3,8,8,12.5,3.5
987,75.05,144,2,5,6,7,8,25.0,4.88
988,102.6,144,4,2,8,6,8,50.0,4.62
989,93.3,144,3,5,12,8,8,37.5,5.75
990,85.65,144,4,3,9,7,8,50.0,5.25
991,95.9,138,3,5,7,8,8,37.5,5.0
992,150.75,128,4,4,11,8,8,50.0,5.88
993,51.0,144,2,5,10,7,8,25.0,6.62
994,82.1,144,2,5,8,7,8,25.0,4.88
995,155.8,134,5,3,8,8,8,62.5,4.25
996,186.4,123,6,2,7,8,8,75.0,2.62
997,189.45,144,6,2,7,8,8,75.0,2.62
998,121.2,128,3,5,9,8,8,37.5,4.88
999,164.9,142,5,3,5,8,8,62.5,3.75
1000,220.8,122,7,1,6,8,8,87.5,2.25
1001,92.2,134,4,4,13,8,8,50.0,5.5
1002,162.95,138,5,3,6,8,8,62.5,2.88
1003,17.5,136,1,7,18,8,8,12.5,8.62
1004,124.45,136,4,4,12,8,8,50.0,4.5
1005,182.35,128,6,2,6,8,8,75.0,3.38
1006,21.4,144,1,6,7,7,8,12.5,4.5
1007,44.75,140,1,7,14,8,8,12.5,7.0
1008,175.0,137,5,3,6,8,8,62.5,4.12
1009,191.2,131,6,2,7,8,8,75.0,2.62
1010,123.2,137,3,5,4,8,8,37.5,3.5
1011,112.6,144,5,2,7,7,8,62.5,4.5
1012,145.95,127,4,4,6,8,8,50.0,4.5
1013,157.25,142,5,3,11,8,8,62.5,4.88
1014,-43.75,144,0,6,17,6,8,0.0,7.62
1015,113.35,144,5,2,8,7,8,62.5,5.25
1016,216.15,139,7,1,6,8,8,87.5,3.25
1017,18.75,144,3,3,16,6,8,37.5,7.5
1018,59.0,144,2,5,9,7,8,25.0,5.38
1019,163.95,124,4,4,3,8,8,50.0,1.12
1020,-36.95,144,1,4,19,5,8,12.5,10.38
1021,153.4,136,4,4,8,8,8,50.0,5.0
1022,172.0,128,5,3,5,8,8,62.5,3.38
1023,169.45,131,5,3,9,8,8,62.5,4.88
1024,179.45,122,6,2,10,8,8,75.0,4.0
1025,138.15,132,3,5,3,8,8,37.5,3.25
1026,116.65,135,3,5,13,8,8,37.5,6.62
1027,123.85,142,4,4,9,8,8,50.0,4.75
1028,2.3,144,1,5,13,6,8,12.5,7.38
1029,154.2,135,5,3,8,8,8,62.5,4.75
1030,87.2,140,3,5,10,8,8,37.5,6.38
1031,139.95,134,4,4,4,8,8,50.0,4.75
1032,107.9,140,3,5,10,8,8,37.5,3.75
1033,62.7,144,4,3,14,7,8,50.0,7.0
1034,162.95,130,5,3,11,8,8,62.5,5.0
1035,213.4,132,7,1,5,8,8,87.5,3.12
1036,199.65,126,6,2,4,8,8,75.0,1.5
1037,151.85,144,6,1,5,7,8,75.0,2.88
1038,121.55,144,5,2,8,7,8,62.5,5.0
1039,56.75,138,2,6,8,8,8,25.0,4.5
1040,51.95,139,1,7,10,8,8,12.5,5.75
1041,62.55,144,2,4,8,6,8,25.0,5.38
1042,59.1,144,2,5,13,7,8,25.0,5.62
1043,83.05,144,4,3,12,7,8,50.0,5.62
1044,163.0,134,5,3,5,8,8,62.5,3.75
1045,66.6,124,2,6,10,8,8,25.0,6.25
1046,112.35,138,2,6,9,8,8,25.0,5.38
1047,162.95,134,5,3,8,8,8,62.5,3.25
1048,62.2,144,3,3,13,6,8,37.5,7.38
1049,98.4,139,3,5,8,8,8,37.5,4.0
1050,100.95,142,3,5,9,8,8,37.5,4.38
1051,55.2,137,2,6,14,8,8,25.0,6.5
1052,142.15,124,3,5,7,8,8,37.5,4.25
1053,125.15,137,4,4,10,8,8,50.0,5.62
1054,99.05,144,4,3,9,7,8,50.0,5.12
1055,139.4,127,4,4,9,8,8,50.0,6.12
1056,161.7,128,5,3,8,8,8,62.5,4.25
1057,80.4,144,3,4,10,7,8,37.5,4.75
1058,21.9,144,2,5,15,7,8,25.0,7.38
1059,77.9,144,3,4,11,7,8,37.5,5.0
1060,52.5,144,2,5,9,7,8,25.0,5.38
1061,213.85,135,7,1,4,8,8,87.5,2.5
1062,71.8,140,1,7,6,8,8,12.5,3.25
1063,156.45,130,4,4,9,8,8,50.0,3.38
1064,58.3,129,2,6,15,8,8,25.0,7.62
1065,116.55,142,3,5,7,8,8,37.5,3.75
1066,49.1,142,1,7,7,8,8,12.5,5.62
1067,138.2,141,3,5,6,8,8,37.5,3.75
1068,197.45,130,6,2,3,8,8,75.0,1.62
1069,205.3,126,6,2,3,8,8,75.0,2.62
1070,91.05,144,3,4,6,7,8,37.5,4.12
1071,157.45,135,5,3,8,8,8,62.5,4.75
1072,139.5,138,4,4,8,8,8,50.0,6.38
1073,70.75,144,2,5,8,7,8,25.0,4.75
1074,44.85,144,3,4,14,7,8,37.5,6.25
1075,83.2,132,2,6,7,8,8,25.0,3.88
1076,-21.45,144,2,5,10,7,8,25.0,5.88
1077,112.35,141,3,5,11,8,8,37.5,5.12
1078,166.25,123,4,4,6,8,8,50.0,2.25
1079,219.4,128,7,1,4,8,8,87.5,1.5
1080,161.15,134,5,3,8,8,8,62.5,3.0
1081,86.85,132,3,5,9,8,8,37.5,6.88
1082,157.45,117,5,3,8,8,8,62.5,4.88
1083,114.65,130,3,5,10,8,8,37.5,3.75
1084,149.65,144,6,1,8,7,8,75.0,3.88
1085,170.4,142,6,2,10,8,8,75.0,3.75
1086,122.55,140,4,4,8,8,8,50.0,5.12
1087,185.1,135,6,2,8,8,8,75.0,3.0
1088,40.05,134,0,8,8,8,8,0.0,5.62
1089,80.65,144,4,3,12,7,8,50.0,5.62
1090,108.6,144,3,4,6,7,8,37.5,3.25
1091,146.5,144,5,2,6,7,8,62.5,3.12
1092,126.65,134,4,4,9,8,8,50.0,4.88
1093,65.3,144,2,6,7,8,8,25.0,4.38
1094,140.0,138,4,4,8,8,8,50.0,4.0
1095,188.0,124,6,2,8,8,8,75.0,3.0
1096,104.15,138,3,5,8,8,8,37.5,4.62
1097,150.55,123,4,4,10,8,8,50.0,5.5
1098,1.65,136,0,8,13,8,8,0.0,7.62
1099,141.6,125,4,4,7,8,8,50.0,4.12
1100,114.3,128,4,4,12,8,8,50.0,5.75
1101,65.0,144,3,4,7,7,8,37.5,4.88
1102,113.2,137,3,5,15,8,8,37.5,7.88
1103,100.45,144,4,3,8,7,8,50.0,4.62
1104,165.45,137,4,4,7,8,8,50.0,3.75
1105,170.6,143,4,4,4,8,8,50.0,2.5
1106,192.6,133,6,2,6,8,8,75.0,3.5
1107,90.85,142,2,6,10,8,8,25.0,5.38
1108,93.65,144,4,3,9,7,8,50.0,5.0
1109,62.75,135,2,6,13,8,8,25.0,7.0
1110,119.15,136,3,5,7,8,8,37.5,5.62
1111,51.15,144,3,4,9,7,8,37.5,5.88
1112,164.85,139,5,3,7,8,8,62.5,3.0
1113,75.9,144,3,5,8,8,8,37.5,4.12
1114,50.35,144,2,5,13,7,8,25.0,7.5
1115,170.3,128,5,3,7,8,8,62.5,3.88
1116,71.15,144,3,4,8,7,8,37.5,5.25
1117,187.6,140,6,2,7,8,8,75.0,3.75
1118,175.65,125,5,3,8,8,8,62.5,3.0
1119,94.5,144,3,4,8,7,8,37.5,5.62
1120,95.9,140,3,5,7,8,8,37.5,4.75
1121,122.5,142,4,4,11,8,8,50.0,6.75
1122,171.35,132,5,3,7,8,8,62.5,3.25
1123,49.6,144,3,4,16,7,8,37.5,8.25
1124,155.25,135,4,4,7,8,8,50.0,2.62
1125,51.3,144,3,4,13,7,8,37.5,7.12
1126,47.7,144,2,5,11,7,8,25.0,6.25
1127,132.25,143,3,5,8,8,8,37.5,4.75
1128,170.2,119,5,3,8,8,8,62.5,4.5
1129,157.05,122,5,3,14,8,8,62.5,5.25
1130,174.6,144,7,0,8,7,8,87.5,4.25
1131,140.75,140,4,4,6,8,8,50.0,3.88
1132,39.15,144,2,5,12,7,8,25.0,5.75
1133,106.45,141,3,5,12,8,8,37.5,6.75
1134,152.95,141,5,3,7,8,8,62.5,4.12
1135,181.3,132,5,3,6,8,8,62.5,3.38
1136,111.45,144,5,2,10,7,8,62.5,5.88
1137,118.65,144,5,2,10,7,8,62.5,5.25
1138,202.45,135,5,3,1,8,8,62.5,0.38
1139,126.3,142,3,5,6,8,8,37.5,3.25
1140,112.5,144,5,2,11,7,8,62.5,7.25
1141,183.35,132,6,2,7,8,8,75.0,3.88
1142,140.65,137,4,4,9,8,8,50.0,5.12
1143,181.4,138,5,3,6,8,8,62.5,3.0
1144,69.7,143,2,6,12,8,8,25.0,5.5
1145,99.95,144,4,2,10,6,8,50.0,5.5
1146,135.75,144,5,2,7,7,8,62.5,4.62
1147,96.95,138,1,7,7,8,8,12.5,5.25
1148,94.9,144,4,3,9,7,8,50.0,5.0
1149,14.25,144,3,4,13,7,8,37.5,6.0
1150,222.7,122,7,1,4,8,8,87.5,1.5
1151,57.65,144,3,4,15,7,8,37.5,6.88
1152,90.9,144,3,4,9,7,8,37.5,4.5
1153,113.15,132,3,5,8,8,8,37.5,4.12
1154,122.7,134,2,6,6,8,8,25.0,3.12
1155,208.3,129,7,1,6,8,8,87.5,2.25
1156,-43.7,144,1,4,19,5,8,12.5,9.12
1157,95.55,141,3,5,11,8,8,37.5,6.25
1158,42.7,144,3,4,12,7,8,37.5,7.12
1159,147.65,134,4,4,8,8,8,50.0,3.62
1160,137.3,136,3,5,6,8,8,37.5,3.75
1161,109.55,144,4,3,9,7,8,50.0,5.0
1162,213.5,122,7,1,7,8,8,87.5,4.12
1163,83.35,144,2,6,8,8,8,25.0,6.38
1164,169.2,132,4,4,4,8,8,50.0,2.5
1165,167.75,137,5,3,6,8,8,62.5,3.75
1166,209.1,125,7,1,9,8,8,87.5,3.38
1167,174.45,134,5,3,9,8,8,62.5,4.75
1168,185.65,129,6,2,8,8,8,75.0,3.0
1169,130.45,130,5,3,15,8,8,62.5,7.0
1170,164.95,144,5,3,6,8,8,62.5,3.25
1171,137.65,144,5,2,6,7,8,62.5,4.0
1172,213.85,126,7,1,9,8,8,87.5,4.12
1173,112.9,138,3,5,9,8,8,37.5,5.62
1174,135.0,136,3,5,8,8,8,37.5,4.25
1175,-6.95,144,1,6,10,7,8,12.5,6.12
1176,63.05,144,2,5,9,7,8,25.0,6.38
1177,194.65,134,6,2,6,8,8,75.0,3.25
1178,80.55,144,3,4,12,7,8,37.5,6.62
1179,165.2,132,5,3,10,8,8,62.5,3.75
1180,42.85,144,3,4,11,7,8,37.5,7.0
1181,135.1,136,3,5,7,8,8,37.5,3.62
1182,134.2,143,5,3,10,8,8,62.5,6.0
1183,104.75,136,3,5,13,8,8,37.5,6.88
1184,172.7,133,6,2,9,8,8,75.0,5.38
1185,52.45,144,2,5,13,7,8,25.0,6.75
1186,107.6,136,3,5,10,8,8,37.5,5.38
1187,163.7,144,6,1,7,7,8,75.0,3.62
1188,159.9,137,5,3,9,8,8,62.5,4.62
1189,158.75,144,5,3,8,8,8,62.5,4.5
1190,176.55,142,6,2,8,8,8,75.0,4.12
1191,186.5,138,6,2,9,8,8,75.0,5.0
1192,90.15,140,3,5,11,8,8,37.5,4.88
1193,165.75,144,5,3,8,8,8,62.5,4.25
1194,115.5,144,5,2,12,7,8,62.5,6.62
1195,141.25,144,6,1,5,7,8,75.0,3.88
1196,139.15,139,3,5,4,8,8,37.5,2.88
1197,235.15,126,8,0,5,8,8,100.0,3.62
1198,80.15,126,3,5,13,8,8,37.5,5.62
1199,150.25,142,5,3,7,8,8,62.5,5.12
1200,166.0,122,5,3,9,8,8,62.5,4.88
1201,151.6,141,4,4,6,8,8,50.0,4.0
1202,125.1,128,4,4,13,8,8,50.0,7.75
1203,203.85,127,6,2,4,8,8,75.0,2.38
1204,176.35,122,5,3,5,8,8,62.5,3.5
1205,176.65,124,6,2,11,8,8,75.0,4.12
1206,130.7,143,3,5,5,8,8,37.5,4.38
1207,203.75,128,7,1,8,8,8,87.5,4.38
1208,109.9,144,4,3,4,7,8,50.0,3.5
1209,28.0,143,3,5,12,8,8,37.5,6.25
1210,90.05,133,2,6,11,8,8,25.0,5.38
1211,142.5,137,4,4,8,8,8,50.0,5.38
1212,119.35,143,3,5,5,8,8,37.5,3.12
1213,145.3,143,4,4,7,8,8,50.0,4.25
1214,120.8,125,5,3,12,8,8,62.5,5.88
1215,204.6,132,7,1,9,8,8,87.5,4.62
1216,104.55,144,4,3,10,7,8,50.0,4.75
1217,34.5,144,2,5,12,7,8,25.0,6.38
1218,122.5,144,4,3,4,7,8,50.0,4.25
1219,75.55,144,3,4,12,7,8,37.5,6.0
1220,167.1,138,5,3,8,8,8,62.5,4.75
1221,132.35,144,5,2,6,7,8,62.5,3.62
1222,145.3,144,5,2,6,7,8,62.5,4.12
1223,130.65,142,4,4,9,8,8,50.0,4.75
1224,121.45,144,5,2,12,7,8,62.5,5.75
1225,87.2,144,4,2,10,6,8,50.0,6.0
1226,36.8,144,2,6,14,8,8,25.0,8.0
1227,89.8,144,4,3,9,7,8,50.0,6.0
1228,135.45,140,4,4,6,8,8,50.0,3.75
1229,192.85,129,6,2,5,8,8,75.0,3.0
1230,142.5,136,3,5,9,8,8,37.5,5.12
1231,138.6,142,4,4,6,8,8,50.0,3.88
1232,177.6,138,5,3,6,8,8,62.5,4.12
1233,133.75,144,5,3,11,8,8,62.5,5.38
1234,156.65,140,5,3,10,8,8,62.5,6.38
1235,92.55,140,3,5,9,8,8,37.5,5.75
1236,66.3,144,3,3,12,6,8,37.5,6.0
1237,59.9,144,2,5,6,7,8,25.0,5.38
1238,136.45,136,3,5,8,8,8,37.5,4.5
1239,119.9,131,4,4,13,8,8,50.0,6.38
1240,151.05,144,6,1,7,7,8,75.0,4.25
1241,148.7,124,4,4,7,8,8,50.0,6.12
1242,92.05,135,2,6,12,8,8,25.0,6.38
1243,72.95,144,3,4,9,7,8,37.5,6.38
1244,114.05,144,3,5,7,8,8,37.5,5.75
1245,65.4,144,3,3,11,6,8,37.5,7.0
1246,66.1,134,2,6,12,8,8,25.0,6.0
1247,116.0,139,3,5,10,8,8,37.5,7.0
1248,106.9,144,4,3,11,7,8,50.0,5.88
1249,105.75,126,2,6,9,8,8,25.0,5.12
1250,137.85,144,6,1,9,7,8,75.0,4.75
1251,61.05,141,1,7,6,8,8,12.5,5.38
1252,209.1,118,7,1,7,8,8,87.5,2.62
1253,75.65,140,3,5,13,8,8,37.5,6.62
1254,194.3,114,6,2,6,8,8,75.0,2.25
1255,100.05,127,3,5,8,8,8,37.5,4.88
1256,117.55,144,4,3,7,7,8,50.0,4.5
1257,95.35,142,2,6,9,8,8,25.0,5.25
1258,147.9,133,5,3,9,8,8,62.5,5.12
1259,130.5,142,4,4,14,8,8,50.0,5.25
1260,142.35,133,5,3,13,8,8,62.5,6.5
1261,100.8,144,4,3,12,7,8,50.0,5.62
1262,129.05,133,4,4,9,8,8,50.0,5.12
1263,31.5,144,2,5,6,7,8,25.0,5.25
1264,66.45,140,3,5,12,8,8,37.5,7.38
1265,23.9,144,1,7,16,8,8,12.5,8.25
1266,104.45,131,4,4,18,8,8,50.0,8.75
1267,145.55,140,5,3,11,8,8,62.5,5.38
1268,136.2,142,4,4,9,8,8,50.0,5.12
1269,143.95,135,4,4,10,8,8,50.0,3.75
1270,149.25,129,4,4,7,8,8,50.0,5.0
1271,103.85,144,4,3,5,7,8,50.0,3.25
1272,164.35,129,5,3,7,8,8,62.5,4.62
1273,188.2,130,6,2,8,8,8,75.0,3.0
1274,137.4,136,4,4,11,8,8,50.0,4.12
1275,166.65,131,5,3,9,8,8,62.5,3.88
1276,54.35,144,3,4,10,7,8,37.5,6.12
1277,227.25,123,7,1,5,8,8,87.5,1.88
1278,98.2,144,4,3,8,7,8,50.0,4.75
1279,246.7,125,8,0,4,8,8,100.0,3.25
1280,172.05,132,6,2,7,8,8,75.0,2.62
1281,149.2,144,5,3,7,8,8,62.5,3.75
1282,147.3,142,4,4,9,8,8,50.0,4.62
1283,154.4,141,5,3,7,8,8,62.5,4.12
1284,162.55,143,5,3,12,8,8,62.5,6.25
1285,133.05,123,4,4,9,8,8,50.0,5.5
1286,217.55,143,7,1,6,8,8,87.5,3.62
1287,141.85,139,3,5,5,8,8,37.5,3.75
1288,190.25,121,6,2,7,8,8,75.0,2.62
1289,188.2,127,6,2,8,8,8,75.0,4.5
1290,158.2,135,4,4,7,8,8,50.0,4.12
1291,148.95,134,4,4,7,8,8,50.0,3.38
1292,131.3,143,4,4,6,8,8,50.0,3.75
1293,106.15,142,2,6,7,8,8,25.0,4.5
1294,175.55,128,5,3,9,8,8,62.5,5.38
1295,75.35,144,3,4,10,7,8,37.5,5.62
1296,121.4,144,5,2,6,7,8,62.5,4.38
1297,233.7,127,8,0,5,8,8,100.0,1.88
1298,187.7,141,6,2,9,8,8,75.0,3.38
1299,175.3,134,5,3,4,8,8,62.5,3.5
1300,144.1,140,4,4,12,8,8,50.0,5.75
1301,142.5,144,6,1,10,7,8,75.0,4.75
1302,216.5,138,7,1,4,8,8,87.5,1.5
1303,72.3,144,2,6,12,8,8,25.0,6.75
1304,179.1,123,5,3,9,8,8,62.5,4.25
1305,125.15,141,3,5,7,8,8,37.5,4.5
1306,160.2,135,4,4,5,8,8,50.0,2.88
1307,123.4,131,4,4,12,8,8,50.0,5.88
1308,78.2,144,3,4,10,7,8,37.5,6.12
1309,142.75,144,4,4,9,8,8,50.0,5.12
1310,166.55,137,5,3,9,8,8,62.5,5.75
1311,147.9,126,4,4,7,8,8,50.0,4.25
1312,126.55,142,4,4,12,8,8,50.0,6.88
1313,154.7,132,5,3,8,8,8,62.5,5.0
1314,68.4,136,2,6,8,8,8,25.0,5.12
1315,134.85,138,3,5,7,8,8,37.5,4.12
1316,226.25,118,8,0,9,8,8,100.0,3.38
1317,111.7,144,3,4,8,7,8,37.5,5.38
1318,126.75,142,4,4,10,8,8,50.0,6.38
1319,76.1,144,3,5,11,8,8,37.5,5.62
1320,113.05,132,2,6,8,8,8,25.0,4.12
1321,89.9,137,3,5,14,8,8,37.5,6.5
1322,139.05,125,4,4,11,8,8,50.0,5.62
1323,216.45,119,7,1,7,8,8,87.5,2.62
1324,138.7,136,5,3,9,8,8,62.5,5.0
1325,118.25,129,4,4,12,8,8,50.0,6.62
1326,164.85,136,4,4,7,8,8,50.0,3.88
1327,195.5,127,6,2,8,8,8,75.0,3.0
1328,136.6,139,3,5,5,8,8,37.5,3.38
1329,194.15,122,6,2,7,8,8,75.0,4.38
1330,136.85,135,5,3,11,8,8,62.5,6.88
1331,164.4,131,4,4,8,8,8,50.0,5.0
1332,78.55,141,3,5,12,8,8,37.5,5.88
1333,198.35,124,6,2,9,8,8,75.0,4.25
1334,178.75,126,6,2,9,8,8,75.0,6.38
1335,184.1,142,6,2,5,8,8,75.0,3.5
1336,120.55,132,5,3,15,8,8,62.5,8.12
1337,114.9,144,4,3,7,7,8,50.0,4.38
1338,234.75,113,8,0,6,8,8,100.0,2.25
1339,219.9,127,7,1,4,8,8,87.5,3.25
1340,211.45,141,7,1,8,8,8,87.5,3.0
1341,27.5,144,1,6,9,7,8,12.5,6.62
1342,85.55,136,2,6,9,8,8,25.0,5.5
1343,152.8,143,5,3,7,8,8,62.5,4.38
1344,148.2,132,5,3,11,8,8,62.5,5.25
1345,147.35,128,4,4,7,8,8,50.0,4.38
1346,170.55,144,7,0,11,7,8,87.5,6.12
1347,163.65,122,5,3,9,8,8,62.5,4.62
1348,153.1,139,5,3,9,8,8,62.5,6.38
1349,126.0,142,3,5,6,8,8,37.5,4.75
1350,125.3,144,5,2,10,7,8,62.5,5.75
1351,147.15,135,4,4,7,8,8,50.0,5.25
1352,196.4,141,6,2,6,8,8,75.0,3.12
1353,128.1,125,3,5,11,8,8,37.5,6.5
1354,167.1,134,5,3,9,8,8,62.5,4.25
1355,182.7,130,5,3,8,8,8,62.5,5.0
1356,135.45,144,5,2,8,7,8,62.5,4.62
1357,126.45,143,5,3,14,8,8,62.5,7.25
1358,146.3,144,6,1,5,7,8,75.0,3.88
1359,138.9,131,3,5,8,8,8,37.5,3.88
1360,163.65,143,5,3,9,8,8,62.5,5.75
1361,199.2,138,6,2,5,8,8,75.0,2.62
1362,38.2,144,3,4,16,7,8,37.5,7.75
1363,96.25,135,1,7,5,8,8,12.5,2.62
1364,123.3,138,3,5,10,8,8,37.5,5.5
1365,106.85,144,4,3,8,7,8,50.0,4.88
1366,162.45,134,5,3,8,8,8,62.5,5.12
1367,98.0,144,3,5,9,8,8,37.5,6.25
1368,117.5,144,5,2,10,7,8,62.5,5.75
1369,199.8,124,6,2,6,8,8,75.0,3.38
1370,103.95,144,4,2,8,6,8,50.0,6.12
1371,198.45,136,6,2,7,8,8,75.0,3.88
1372,208.05,126,6,2,4,8,8,75.0,2.75
1373,144.15,144,6,1,8,7,8,75.0,4.62
1374,144.05,144,5,2,5,7,8,62.5,4.38
1375,95.85,129,3,5,12,8,8,37.5,6.0
1376,133.9,127,5,3,12,8,8,62.5,4.5
1377,175.05,138,5,3,6,8,8,62.5,3.38
1378,103.35,133,2,6,9,8,8,25.0,5.25
1379,111.75,127,4,4,14,8,8,50.0,6.12
1380,131.95,137,4,4,9,8,8,50.0,4.5
1381,77.2,125,2,6,11,8,8,25.0,6.25
1382,110.7,137,3,5,9,8,8,37.5,5.75
1383,99.85,144,3,4,5,7,8,37.5,4.62
1384,182.65,126,6,2,8,8,8,75.0,4.0
1385,161.55,129,5,3,5,8,8,62.5,4.0
1386,61.5,144,3,4,11,7,8,37.5,6.5
1387,181.6,133,5,3,2,8,8,62.5,2.12
1388,226.8,119,7,1,4,8,8,87.5,1.5
1389,217.25,126,7,1,4,8,8,87.5,1.5
1390,146.95,127,3,5,5,8,8,37.5,3.25
1391,112.3,144,4,3,9,7,8,50.0,5.38
1392,124.3,128,3,5,7,8,8,37.5,4.88
1393,115.3,124,4,4,16,8,8,50.0,7.88
1394,125.5,144,5,2,10,7,8,62.5,5.25
1395,121.9,144,5,2,9,7,8,62.5,6.38
1396,167.85,141,5,3,7,8,8,62.5,2.62
1397,121.7,144,4,3,8,7,8,50.0,4.5
1398,128.35,144,5,2,10,7,8,62.5,4.62
1399,160.35,121,4,4,6,8,8,50.0,4.62
1400,101.85,144,4,3,11,7,8,50.0,6.5
1401,220.5,124,7,1,6,8,8,87.5,2.25
1402,136.85,127,4,4,9,8,8,50.0,5.5
1403,99.1,144,4,4,11,8,8,50.0,5.75
1404,162.25,134,5,3,8,8,8,62.5,4.62
1405,192.15,118,6,2,6,8,8,75.0,3.88
1406,160.6,131,6,2,9,8,8,75.0,4.5
1407,185.35,124,6,2,6,8,8,75.0,4.0
1408,124.9,131,3,5,9,8,8,37.5,5.5
1409,158.1,144,6,1,7,7,8,75.0,4.5
1410,90.95,144,3,4,6,7,8,37.5,4.38
1411,131.15,144,5,2,5,7,8,62.5,3.88
1412,167.45,129,5,3,9,8,8,62.5,4.25
1413,51.0,144,1,6,7,7,8,12.5,5.0
1414,149.65,140,4,4,7,8,8,50.0,4.38
1415,159.9,144,4,4,4,8,8,50.0,2.75
1416,-16.15,144,2,5,11,7,8,25.0,6.25
1417,170.95,141,6,2,11,8,8,75.0,6.0
1418,160.25,135,5,3,7,8,8,62.5,5.38
1419,154.55,121,4,4,7,8,8,50.0,4.5
1420,62.7,144,3,3,10,6,8,37.5,5.75
1421,121.35,144,5,2,8,7,8,62.5,4.62
1422,154.45,137,4,4,8,8,8,50.0,3.88
1423,63.05,144,3,4,13,7,8,37.5,6.75
1424,147.1,143,4,4,8,8,8,50.0,4.5
1425,178.15,124,6,2,9,8,8,75.0,3.38
1426,130.45,144,5,2,6,7,8,62.5,4.12
1427,158.5,137,5,3,9,8,8,62.5,4.12
1428,181.45,144,7,0,7,7,8,87.5,4.12
1429,110.55,144,5,2,7,7,8,62.5,4.5
1430,129.35,142,4,4,6,8,8,50.0,4.5
1431,190.25,129,6,2,7,8,8,75.0,3.75
1432,128.9,141,3,5,8,8,8,37.5,4.75
1433,198.1,124,6,2,8,8,8,75.0,4.0
1434,183.05,130,5,3,6,8,8,62.5,3.0
1435,48.85,138,2,6,13,8,8,25.0,7.62
1436,197.45,128,6,2,6,8,8,75.0,2.25
1437,175.4,122,6,2,9,8,8,75.0,4.88
1438,149.3,120,4,4,8,8,8,50.0,5.62
1439,156.7,141,5,3,9,8,8,62.5,4.25
1440,149.65,125,4,4,7,8,8,50.0,2.62
1441,101.2,144,4,3,7,7,8,50.0,5.5
1442,130.4,135,4,4,11,8,8,50.0,6.0
1443,174.5,133,5,3,6,8,8,62.5,3.38
1444,187.65,125,6,2,7,8,8,75.0,4.25
1445,133.8,144,3,5,5,8,8,37.5,2.88
1446,104.25,140,3,5,10,8,8,37.5,5.5
